<?xml version="1.0" encoding="UTF-8"?>
<tour start="node21" appversion="6.1.11" apprev="18043">
  <panorama id="node1" hideabout="1">
    <input tile2url="images/AVPA3159_o_2.jpg" tile5url="images/AVPA3159_o_5.jpg" levelingroll="0" prev3url="images/AVPA3159_o_preview_3.jpg" tilescale="1.006579" tile3url="images/AVPA3159_o_3.jpg" tile1url="images/AVPA3159_o_1.jpg" prev1url="images/AVPA3159_o_preview_1.jpg" tilevrurl="images/AVPA3159_ovr.jpg" levelingpitch="0" tile0url="images/AVPA3159_o_0.jpg" prev4url="images/AVPA3159_o_preview_4.jpg" prev5url="images/AVPA3159_o_preview_5.jpg" tilesize="1520" prev2url="images/AVPA3159_o_preview_2.jpg" tile4url="images/AVPA3159_o_4.jpg" prev0url="images/AVPA3159_o_preview_0.jpg">
      <preview color="0x808080"/>
    </input>
    <view pannorth="-98.63" fovmode="0">
      <start pan="0" fov="100" projection="4" tilt="0"/>
      <flyin pan="0" fov="170" projection="9" tilt="-90"/>
      <min pan="0" fovpixel="2" tilt="-90"/>
      <max pan="360" fov="120" fovfisheye="360" scaletofit="1" tilt="90" fovstereographic="270"/>
    </view>
    <userdata datetime="10/05/2021 09:22" longitude="" info="" comment="" author="Northpoint360" latitude="" tags="3. Panoramas" customnodeid="" title="Stairs" copyright="" source="" heading="-98.63" description="124 Copgrove Road, Leeds" nodeid="node1">
      <mapcoords x_floorplan_percent="66.0594" x="0.946198" y_floorplan_percent="45.5923" mapid="FloorPlan02" y="-0.909119"/>
    </userdata>
    <hotspots wordwrap="1" width="180" height="20">
      <label enabled="1" bordercolor="0x000000" wordwrap="1" backgroundalpha="1" width="180" borderalpha="1" height="20" backgroundcolor="0xffffff" textalpha="1" background="1" textcolor="0x000000" border="1" borderradius="1"/>
      <polystyle bordercolor="0x0000ff" handcursor="1" backgroundalpha="0.25098" borderalpha="1" mode="0" backgroundcolor="0x0000ff"/>
      <hotspot pan="-11.6748" id="Point01" skinid="ht_node" url="{node13}" target="$fwd" tilt="0" title="Landing" description=""/>
      <hotspot pan="-280.34" id="Point02" skinid="ht_node" url="{node7}" target="" tilt="-2.67" title="Hall" description=""/>
    </hotspots>
    <media/>
    <transition enabled="1" zoomfov="50" zoomin="0" blendtime="0.5" type="crossdissolve" zoomafterinfov="120" blendcolor="0x000000" zoomout="2" zoomspeed="5" softedge="0" zoomoutpause="0" zoomafteroutfov="50"/>
    <animation animsequence="Animation01" syncanimationwithvideo="0" useinautorotation="0"/>
    <control rubberband="0" lockedkeyboardzoom="0" sensitivity="12" lockedmouse="0" dblclickfullscreen="0" contextfullscreen="1" lockedwheel="0" simulatemass="1" invertcontrol="1" lockedkeyboard="0" invertwheel="1" contextprojections="1" speedwheel="1" hideabout="1">
      <menulink url="https://www.northpoint360.co.uk" text="Produced by Northpoint360"/>
    </control>
  </panorama>
  <panorama id="node2" hideabout="1">
    <input tile2url="images/AWTM8212_o_2.jpg" tile5url="images/AWTM8212_o_5.jpg" levelingroll="0" prev3url="images/AWTM8212_o_preview_3.jpg" tilescale="1.006579" tile3url="images/AWTM8212_o_3.jpg" tile1url="images/AWTM8212_o_1.jpg" prev1url="images/AWTM8212_o_preview_1.jpg" tilevrurl="images/AWTM8212_ovr.jpg" levelingpitch="0" tile0url="images/AWTM8212_o_0.jpg" prev4url="images/AWTM8212_o_preview_4.jpg" prev5url="images/AWTM8212_o_preview_5.jpg" tilesize="1520" prev2url="images/AWTM8212_o_preview_2.jpg" tile4url="images/AWTM8212_o_4.jpg" prev0url="images/AWTM8212_o_preview_0.jpg">
      <preview color="0x808080"/>
    </input>
    <view pannorth="198.476" fovmode="0">
      <start pan="0" fov="100" projection="4" tilt="0"/>
      <flyin pan="0" fov="170" projection="9" tilt="-90"/>
      <min pan="0" fovpixel="2" tilt="-90"/>
      <max pan="360" fov="120" fovfisheye="360" scaletofit="1" tilt="90" fovstereographic="270"/>
    </view>
    <userdata datetime="10/05/2021 09:15" longitude="" info="" comment="" author="Northpoint360" latitude="" tags="3. Panoramas" customnodeid="" title="Garden" copyright="" source="" heading="198.476" description="124 Copgrove Road, Leeds" nodeid="node2">
      <mapcoords x_floorplan_percent="43.2886" x="0.620041" y_floorplan_percent="22.1074" mapid="FloorPlan01" y="-0.440826"/>
    </userdata>
    <hotspots wordwrap="1" width="180" height="20">
      <label enabled="1" bordercolor="0x000000" wordwrap="1" backgroundalpha="1" width="180" borderalpha="1" height="20" backgroundcolor="0xffffff" textalpha="1" background="1" textcolor="0x000000" border="1" borderradius="1"/>
      <polystyle bordercolor="0x0000ff" handcursor="1" backgroundalpha="0.25098" borderalpha="1" mode="0" backgroundcolor="0x0000ff"/>
      <hotspot pan="-17.11" id="Point01" skinid="ht_node" url="{node21}" target="" tilt="-0.15" title="Dining" description=""/>
      <hotspot pan="-280.38" id="Point02" skinid="ht_node" url="{node8}" target="" tilt="-0.37" title="Garden" description=""/>
      <hotspot pan="-151.23" id="Point03" skinid="ht_node" url="{node19}" target="" tilt="0.88" title="Garden" description=""/>
    </hotspots>
    <media/>
    <transition enabled="1" zoomfov="50" zoomin="0" blendtime="0.5" type="crossdissolve" zoomafterinfov="120" blendcolor="0x000000" zoomout="2" zoomspeed="5" softedge="0" zoomoutpause="0" zoomafteroutfov="50"/>
    <animation animsequence="Animation01" syncanimationwithvideo="0" useinautorotation="0"/>
    <control rubberband="0" lockedkeyboardzoom="0" sensitivity="12" lockedmouse="0" dblclickfullscreen="0" contextfullscreen="1" lockedwheel="0" simulatemass="1" invertcontrol="1" lockedkeyboard="0" invertwheel="1" contextprojections="1" speedwheel="1" hideabout="1">
      <menulink url="https://www.northpoint360.co.uk" text="Produced by Northpoint360"/>
    </control>
  </panorama>
  <panorama id="node3" hideabout="1">
    <input tile2url="images/BFWL3678_o_2.jpg" tile5url="images/BFWL3678_o_5.jpg" levelingroll="0" prev3url="images/BFWL3678_o_preview_3.jpg" tilescale="1.006579" tile3url="images/BFWL3678_o_3.jpg" tile1url="images/BFWL3678_o_1.jpg" prev1url="images/BFWL3678_o_preview_1.jpg" tilevrurl="images/BFWL3678_ovr.jpg" levelingpitch="0" tile0url="images/BFWL3678_o_0.jpg" prev4url="images/BFWL3678_o_preview_4.jpg" prev5url="images/BFWL3678_o_preview_5.jpg" tilesize="1520" prev2url="images/BFWL3678_o_preview_2.jpg" tile4url="images/BFWL3678_o_4.jpg" prev0url="images/BFWL3678_o_preview_0.jpg">
      <preview color="0x808080"/>
    </input>
    <view pannorth="-8.31698" fovmode="0">
      <start pan="-6.98584" fov="100" projection="4" tilt="-2.45347"/>
      <flyin pan="0" fov="170" projection="9" tilt="-90"/>
      <min pan="0" fovpixel="2" tilt="-90"/>
      <max pan="360" fov="120" fovfisheye="360" scaletofit="1" tilt="90" fovstereographic="270"/>
    </view>
    <userdata datetime="10/05/2021 09:18" longitude="" info="" comment="" author="Northpoint360" latitude="" tags="3. Panoramas" customnodeid="" title="Garden" copyright="" source="" heading="-8.31698" description="124 Copgrove Road, Leeds" nodeid="node3">
      <mapcoords x_floorplan_percent="51.0547" x="0.731277" y_floorplan_percent="79.5799" mapid="FloorPlan01" y="-1.58684"/>
    </userdata>
    <hotspots wordwrap="1" width="180" height="20">
      <label enabled="1" bordercolor="0x000000" wordwrap="1" backgroundalpha="1" width="180" borderalpha="1" height="20" backgroundcolor="0xffffff" textalpha="1" background="1" textcolor="0x000000" border="1" borderradius="1"/>
      <polystyle bordercolor="0x0000ff" handcursor="1" backgroundalpha="0.25098" borderalpha="1" mode="0" backgroundcolor="0x0000ff"/>
      <hotspot pan="-36.6456" id="Point01" skinid="ht_node" url="{node15}" target="$fwd" tilt="1.43" title="Garden" description=""/>
    </hotspots>
    <media/>
    <transition enabled="1" zoomfov="50" zoomin="0" blendtime="0.5" type="crossdissolve" zoomafterinfov="120" blendcolor="0x000000" zoomout="2" zoomspeed="5" softedge="0" zoomoutpause="0" zoomafteroutfov="50"/>
    <animation animsequence="Animation01" syncanimationwithvideo="0" useinautorotation="0"/>
    <control rubberband="0" lockedkeyboardzoom="0" sensitivity="12" lockedmouse="0" dblclickfullscreen="0" contextfullscreen="1" lockedwheel="0" simulatemass="1" invertcontrol="1" lockedkeyboard="0" invertwheel="1" contextprojections="1" speedwheel="1" hideabout="1">
      <menulink url="https://www.northpoint360.co.uk" text="Produced by Northpoint360"/>
    </control>
  </panorama>
  <panorama id="node4" hideabout="1">
    <input tile2url="images/CATS8692_o_2.jpg" tile5url="images/CATS8692_o_5.jpg" levelingroll="0" prev3url="images/CATS8692_o_preview_3.jpg" tilescale="1.006579" tile3url="images/CATS8692_o_3.jpg" tile1url="images/CATS8692_o_1.jpg" prev1url="images/CATS8692_o_preview_1.jpg" tilevrurl="images/CATS8692_ovr.jpg" levelingpitch="0" tile0url="images/CATS8692_o_0.jpg" prev4url="images/CATS8692_o_preview_4.jpg" prev5url="images/CATS8692_o_preview_5.jpg" tilesize="1520" prev2url="images/CATS8692_o_preview_2.jpg" tile4url="images/CATS8692_o_4.jpg" prev0url="images/CATS8692_o_preview_0.jpg">
      <preview color="0x808080"/>
    </input>
    <view pannorth="-120.42" fovmode="0">
      <start pan="0" fov="100" projection="4" tilt="0"/>
      <flyin pan="0" fov="170" projection="9" tilt="-90"/>
      <min pan="0" fovpixel="2" tilt="-90"/>
      <max pan="360" fov="120" fovfisheye="360" scaletofit="1" tilt="90" fovstereographic="270"/>
    </view>
    <userdata datetime="10/05/2021 09:23" longitude="" info="" comment="" author="Northpoint360" latitude="" tags="3. Panoramas" customnodeid="" title="Study" copyright="" source="" heading="-120.42" description="124 Copgrove Road, Leeds" nodeid="node4">
      <mapcoords x_floorplan_percent="61.6491" x="0.883026" y_floorplan_percent="60.8815" mapid="FloorPlan02" y="-1.21399"/>
    </userdata>
    <hotspots wordwrap="1" width="180" height="20">
      <label enabled="1" bordercolor="0x000000" wordwrap="1" backgroundalpha="1" width="180" borderalpha="1" height="20" backgroundcolor="0xffffff" textalpha="1" background="1" textcolor="0x000000" border="1" borderradius="1"/>
      <polystyle bordercolor="0x0000ff" handcursor="1" backgroundalpha="0.25098" borderalpha="1" mode="0" backgroundcolor="0x0000ff"/>
      <hotspot pan="-106.058" id="Point01" skinid="ht_node" url="{node6}" target="$fwd" tilt="0" title="Landing" description=""/>
    </hotspots>
    <media/>
    <transition enabled="1" zoomfov="50" zoomin="0" blendtime="0.5" type="crossdissolve" zoomafterinfov="120" blendcolor="0x000000" zoomout="2" zoomspeed="5" softedge="0" zoomoutpause="0" zoomafteroutfov="50"/>
    <animation animsequence="Animation01" syncanimationwithvideo="0" useinautorotation="0"/>
    <control rubberband="0" lockedkeyboardzoom="0" sensitivity="12" lockedmouse="0" dblclickfullscreen="0" contextfullscreen="1" lockedwheel="0" simulatemass="1" invertcontrol="1" lockedkeyboard="0" invertwheel="1" contextprojections="1" speedwheel="1" hideabout="1">
      <menulink url="https://www.northpoint360.co.uk" text="Produced by Northpoint360"/>
    </control>
  </panorama>
  <panorama id="node5" hideabout="1">
    <input tile2url="images/EXPN9522_o_2.jpg" tile5url="images/EXPN9522_o_5.jpg" levelingroll="0" prev3url="images/EXPN9522_o_preview_3.jpg" tilescale="1.006579" tile3url="images/EXPN9522_o_3.jpg" tile1url="images/EXPN9522_o_1.jpg" prev1url="images/EXPN9522_o_preview_1.jpg" tilevrurl="images/EXPN9522_ovr.jpg" levelingpitch="0" tile0url="images/EXPN9522_o_0.jpg" prev4url="images/EXPN9522_o_preview_4.jpg" prev5url="images/EXPN9522_o_preview_5.jpg" tilesize="1520" prev2url="images/EXPN9522_o_preview_2.jpg" tile4url="images/EXPN9522_o_4.jpg" prev0url="images/EXPN9522_o_preview_0.jpg">
      <preview color="0x808080"/>
    </input>
    <view pannorth="-159.39" fovmode="0">
      <start pan="0" fov="100" projection="4" tilt="0"/>
      <flyin pan="0" fov="170" projection="9" tilt="-90"/>
      <min pan="0" fovpixel="2" tilt="-90"/>
      <max pan="360" fov="120" fovfisheye="360" scaletofit="1" tilt="90" fovstereographic="270"/>
    </view>
    <userdata datetime="10/05/2021 09:26" longitude="" info="" comment="" author="Northpoint360" latitude="" tags="3. Panoramas" customnodeid="" title="Bedroom" copyright="" source="" heading="-159.39" description="124 Copgrove Road, Leeds" nodeid="node5">
      <mapcoords x_floorplan_percent="48.8476" x="0.523911" y_floorplan_percent="49.7568" mapid="FloorPlan03" y="-0.702438"/>
    </userdata>
    <hotspots wordwrap="1" width="180" height="20">
      <label enabled="1" bordercolor="0x000000" wordwrap="1" backgroundalpha="1" width="180" borderalpha="1" height="20" backgroundcolor="0xffffff" textalpha="1" background="1" textcolor="0x000000" border="1" borderradius="1"/>
      <polystyle bordercolor="0x0000ff" handcursor="1" backgroundalpha="0.25098" borderalpha="1" mode="0" backgroundcolor="0x0000ff"/>
      <hotspot pan="-221.756" id="Point01" skinid="ht_node" url="{node16}" target="$fwd" tilt="0.41" title="Landing" description=""/>
    </hotspots>
    <media/>
    <transition enabled="1" zoomfov="50" zoomin="0" blendtime="0.5" type="crossdissolve" zoomafterinfov="120" blendcolor="0x000000" zoomout="2" zoomspeed="5" softedge="0" zoomoutpause="0" zoomafteroutfov="50"/>
    <animation animsequence="Animation01" syncanimationwithvideo="0" useinautorotation="0"/>
    <control rubberband="0" lockedkeyboardzoom="0" sensitivity="12" lockedmouse="0" dblclickfullscreen="0" contextfullscreen="1" lockedwheel="0" simulatemass="1" invertcontrol="1" lockedkeyboard="0" invertwheel="1" contextprojections="1" speedwheel="1" hideabout="1">
      <menulink url="https://www.northpoint360.co.uk" text="Produced by Northpoint360"/>
    </control>
  </panorama>
  <panorama id="node6" hideabout="1">
    <input tile2url="images/FSLW1049_o_2.jpg" tile5url="images/FSLW1049_o_5.jpg" levelingroll="0" prev3url="images/FSLW1049_o_preview_3.jpg" tilescale="1.006579" tile3url="images/FSLW1049_o_3.jpg" tile1url="images/FSLW1049_o_1.jpg" prev1url="images/FSLW1049_o_preview_1.jpg" tilevrurl="images/FSLW1049_ovr.jpg" levelingpitch="0" tile0url="images/FSLW1049_o_0.jpg" prev4url="images/FSLW1049_o_preview_4.jpg" prev5url="images/FSLW1049_o_preview_5.jpg" tilesize="1520" prev2url="images/FSLW1049_o_preview_2.jpg" tile4url="images/FSLW1049_o_4.jpg" prev0url="images/FSLW1049_o_preview_0.jpg">
      <preview color="0x808080"/>
    </input>
    <view pannorth="25.83" fovmode="0">
      <start pan="0" fov="100" projection="4" tilt="0"/>
      <flyin pan="0" fov="170" projection="9" tilt="-90"/>
      <min pan="0" fovpixel="2" tilt="-90"/>
      <max pan="360" fov="120" fovfisheye="360" scaletofit="1" tilt="90" fovstereographic="270"/>
    </view>
    <userdata datetime="10/05/2021 09:23" longitude="" info="" comment="" author="Northpoint360" latitude="" tags="3. Panoramas" customnodeid="" title="Landing" copyright="" source="" heading="25.83" description="124 Copgrove Road, Leeds" nodeid="node6">
      <mapcoords x_floorplan_percent="58.1016" x="0.832214" y_floorplan_percent="50.9298" mapid="FloorPlan02" y="-1.01555"/>
    </userdata>
    <hotspots wordwrap="1" width="180" height="20">
      <label enabled="1" bordercolor="0x000000" wordwrap="1" backgroundalpha="1" width="180" borderalpha="1" height="20" backgroundcolor="0xffffff" textalpha="1" background="1" textcolor="0x000000" border="1" borderradius="1"/>
      <polystyle bordercolor="0x0000ff" handcursor="1" backgroundalpha="0.25098" borderalpha="1" mode="0" backgroundcolor="0x0000ff"/>
      <hotspot pan="33.4246" id="Point01" skinid="ht_node" url="{node13}" target="$fwd" tilt="0" title="Landing" description=""/>
      <hotspot pan="-139.808" id="Point02" skinid="ht_node" url="{node4}" target="$fwd" tilt="0" title="Study" description=""/>
      <hotspot pan="121.554" id="Point03" skinid="ht_node" url="{node20}" target="$fwd" tilt="-0.03" title="Bedroom" description=""/>
    </hotspots>
    <media/>
    <transition enabled="1" zoomfov="50" zoomin="0" blendtime="0.5" type="crossdissolve" zoomafterinfov="120" blendcolor="0x000000" zoomout="2" zoomspeed="5" softedge="0" zoomoutpause="0" zoomafteroutfov="50"/>
    <animation animsequence="Animation01" syncanimationwithvideo="0" useinautorotation="0"/>
    <control rubberband="0" lockedkeyboardzoom="0" sensitivity="12" lockedmouse="0" dblclickfullscreen="0" contextfullscreen="1" lockedwheel="0" simulatemass="1" invertcontrol="1" lockedkeyboard="0" invertwheel="1" contextprojections="1" speedwheel="1" hideabout="1">
      <menulink url="https://www.northpoint360.co.uk" text="Produced by Northpoint360"/>
    </control>
  </panorama>
  <panorama id="node7" hideabout="1">
    <input tile2url="images/FXCH1759_o_2.jpg" tile5url="images/FXCH1759_o_5.jpg" levelingroll="0" prev3url="images/FXCH1759_o_preview_3.jpg" tilescale="1.006579" tile3url="images/FXCH1759_o_3.jpg" tile1url="images/FXCH1759_o_1.jpg" prev1url="images/FXCH1759_o_preview_1.jpg" tilevrurl="images/FXCH1759_ovr.jpg" levelingpitch="0" tile0url="images/FXCH1759_o_0.jpg" prev4url="images/FXCH1759_o_preview_4.jpg" prev5url="images/FXCH1759_o_preview_5.jpg" tilesize="1520" prev2url="images/FXCH1759_o_preview_2.jpg" tile4url="images/FXCH1759_o_4.jpg" prev0url="images/FXCH1759_o_preview_0.jpg">
      <preview color="0x808080"/>
    </input>
    <view pannorth="-178.17" fovmode="0">
      <start pan="0" fov="100" projection="4" tilt="0"/>
      <flyin pan="0" fov="170" projection="9" tilt="-90"/>
      <min pan="0" fovpixel="2" tilt="-90"/>
      <max pan="360" fov="120" fovfisheye="360" scaletofit="1" tilt="90" fovstereographic="270"/>
    </view>
    <userdata datetime="10/05/2021 09:11" longitude="" info="" comment="" author="Northpoint360" latitude="" tags="3. Panoramas" customnodeid="" title="Hall" copyright="" source="" heading="-178.17" description="124 Copgrove Road, Leeds" nodeid="node7">
      <mapcoords x_floorplan_percent="61.9847" x="0.887833" y_floorplan_percent="60.6405" mapid="FloorPlan01" y="-1.20918"/>
    </userdata>
    <hotspots wordwrap="1" width="180" height="20">
      <label enabled="1" bordercolor="0x000000" wordwrap="1" backgroundalpha="1" width="180" borderalpha="1" height="20" backgroundcolor="0xffffff" textalpha="1" background="1" textcolor="0x000000" border="1" borderradius="1"/>
      <polystyle bordercolor="0x0000ff" handcursor="1" backgroundalpha="0.25098" borderalpha="1" mode="0" backgroundcolor="0x0000ff"/>
      <hotspot pan="-357.676" id="Point01" skinid="ht_node" url="{node9}" target="$fwd" tilt="0" title="Porch" description=""/>
      <hotspot pan="-89.0146" id="Point02" skinid="ht_node" url="{node14}" target="$fwd" tilt="0" title="Lounge" description=""/>
      <hotspot pan="-203.37" id="Point03" skinid="ht_node" url="{node1}" target="" tilt="-0.41" title="Stairs" description=""/>
      <hotspot pan="-158.93" id="Point04" skinid="ht_info" url="" target="" tilt="5.32" title="WC / Utility" description=""/>
    </hotspots>
    <media/>
    <transition enabled="1" zoomfov="50" zoomin="0" blendtime="0.5" type="crossdissolve" zoomafterinfov="120" blendcolor="0x000000" zoomout="2" zoomspeed="5" softedge="0" zoomoutpause="0" zoomafteroutfov="50"/>
    <animation animsequence="Animation01" syncanimationwithvideo="0" useinautorotation="0"/>
    <control rubberband="0" lockedkeyboardzoom="0" sensitivity="12" lockedmouse="0" dblclickfullscreen="0" contextfullscreen="1" lockedwheel="0" simulatemass="1" invertcontrol="1" lockedkeyboard="0" invertwheel="1" contextprojections="1" speedwheel="1" hideabout="1">
      <menulink url="https://www.northpoint360.co.uk" text="Produced by Northpoint360"/>
    </control>
  </panorama>
  <panorama id="node8" hideabout="1">
    <input tile2url="images/GRCJ8013_o_2.jpg" tile5url="images/GRCJ8013_o_5.jpg" levelingroll="0" prev3url="images/GRCJ8013_o_preview_3.jpg" tilescale="1.006579" tile3url="images/GRCJ8013_o_3.jpg" tile1url="images/GRCJ8013_o_1.jpg" prev1url="images/GRCJ8013_o_preview_1.jpg" tilevrurl="images/GRCJ8013_ovr.jpg" levelingpitch="0" tile0url="images/GRCJ8013_o_0.jpg" prev4url="images/GRCJ8013_o_preview_4.jpg" prev5url="images/GRCJ8013_o_preview_5.jpg" tilesize="1520" prev2url="images/GRCJ8013_o_preview_2.jpg" tile4url="images/GRCJ8013_o_4.jpg" prev0url="images/GRCJ8013_o_preview_0.jpg">
      <preview color="0x808080"/>
    </input>
    <view pannorth="32.2" fovmode="0">
      <start pan="0" fov="100" projection="4" tilt="0"/>
      <flyin pan="0" fov="170" projection="9" tilt="-90"/>
      <min pan="0" fovpixel="2" tilt="-90"/>
      <max pan="360" fov="120" fovfisheye="360" scaletofit="1" tilt="90" fovstereographic="270"/>
    </view>
    <userdata datetime="10/05/2021 09:17" longitude="" info="" comment="" author="Northpoint360" latitude="" tags="3. Panoramas" customnodeid="" title="Garden" copyright="" source="" heading="32.2" description="124 Copgrove Road, Leeds" nodeid="node8"/>
    <hotspots wordwrap="1" width="180" height="20">
      <label enabled="1" bordercolor="0x000000" wordwrap="1" backgroundalpha="1" width="180" borderalpha="1" height="20" backgroundcolor="0xffffff" textalpha="1" background="1" textcolor="0x000000" border="1" borderradius="1"/>
      <polystyle bordercolor="0x0000ff" handcursor="1" backgroundalpha="0.25098" borderalpha="1" mode="0" backgroundcolor="0x0000ff"/>
      <hotspot pan="-300.54" id="Point01" skinid="ht_node" url="{node2}" target="" tilt="1.61" title="Garden" description=""/>
      <hotspot pan="-182.3" id="Point02" skinid="ht_node" url="{node15}" target="" tilt="0.89" title="Garden" description=""/>
    </hotspots>
    <media/>
    <transition enabled="1" zoomfov="50" zoomin="0" blendtime="0.5" type="crossdissolve" zoomafterinfov="120" blendcolor="0x000000" zoomout="2" zoomspeed="5" softedge="0" zoomoutpause="0" zoomafteroutfov="50"/>
    <animation animsequence="Animation01" syncanimationwithvideo="0" useinautorotation="0"/>
    <control rubberband="0" lockedkeyboardzoom="0" sensitivity="12" lockedmouse="0" dblclickfullscreen="0" contextfullscreen="1" lockedwheel="0" simulatemass="1" invertcontrol="1" lockedkeyboard="0" invertwheel="1" contextprojections="1" speedwheel="1" hideabout="1">
      <menulink url="https://www.northpoint360.co.uk" text="Produced by Northpoint360"/>
    </control>
  </panorama>
  <panorama id="node9" hideabout="1">
    <input tile2url="images/HKZD7482_o_2.jpg" tile5url="images/HKZD7482_o_5.jpg" levelingroll="0" prev3url="images/HKZD7482_o_preview_3.jpg" tilescale="1.006579" tile3url="images/HKZD7482_o_3.jpg" tile1url="images/HKZD7482_o_1.jpg" prev1url="images/HKZD7482_o_preview_1.jpg" tilevrurl="images/HKZD7482_ovr.jpg" levelingpitch="0" tile0url="images/HKZD7482_o_0.jpg" prev4url="images/HKZD7482_o_preview_4.jpg" prev5url="images/HKZD7482_o_preview_5.jpg" tilesize="1520" prev2url="images/HKZD7482_o_preview_2.jpg" tile4url="images/HKZD7482_o_4.jpg" prev0url="images/HKZD7482_o_preview_0.jpg">
      <preview color="0x808080"/>
    </input>
    <view pannorth="0" fovmode="0">
      <start pan="0" fov="100" projection="4" tilt="0"/>
      <flyin pan="0" fov="170" projection="9" tilt="-90"/>
      <min pan="0" fovpixel="2" tilt="-90"/>
      <max pan="360" fov="120" fovfisheye="360" scaletofit="1" tilt="90" fovstereographic="270"/>
    </view>
    <userdata datetime="10/05/2021 09:27" longitude="" info="" comment="" author="Northpoint360" latitude="" tags="3. Panoramas" customnodeid="" title="Porch" copyright="" source="" heading="0" description="124 Copgrove Road, Leeds" nodeid="node9">
      <mapcoords x_floorplan_percent="62.0805" x="0.889206" y_floorplan_percent="68.6295" mapid="FloorPlan01" y="-1.36848"/>
    </userdata>
    <hotspots wordwrap="1" width="180" height="20">
      <label enabled="1" bordercolor="0x000000" wordwrap="1" backgroundalpha="1" width="180" borderalpha="1" height="20" backgroundcolor="0xffffff" textalpha="1" background="1" textcolor="0x000000" border="1" borderradius="1"/>
      <polystyle bordercolor="0x0000ff" handcursor="1" backgroundalpha="0.25098" borderalpha="1" mode="0" backgroundcolor="0x0000ff"/>
      <hotspot pan="-179.231" id="Point01" skinid="ht_node" url="{node15}" target="$fwd" tilt="0" title="Garden" description=""/>
      <hotspot pan="0.493917" id="Point02" skinid="ht_node" url="{node7}" target="$fwd" tilt="0" title="Hall" description=""/>
    </hotspots>
    <media/>
    <transition enabled="1" zoomfov="50" zoomin="0" blendtime="0.5" type="crossdissolve" zoomafterinfov="120" blendcolor="0x000000" zoomout="2" zoomspeed="5" softedge="0" zoomoutpause="0" zoomafteroutfov="50"/>
    <animation animsequence="Animation01" syncanimationwithvideo="0" useinautorotation="0"/>
    <control rubberband="0" lockedkeyboardzoom="0" sensitivity="12" lockedmouse="0" dblclickfullscreen="0" contextfullscreen="1" lockedwheel="0" simulatemass="1" invertcontrol="1" lockedkeyboard="0" invertwheel="1" contextprojections="1" speedwheel="1" hideabout="1">
      <menulink url="https://www.northpoint360.co.uk" text="Produced by Northpoint360"/>
    </control>
  </panorama>
  <panorama id="node10" hideabout="1">
    <input tile2url="images/IBXJ3509_o_2.jpg" tile5url="images/IBXJ3509_o_5.jpg" levelingroll="0" prev3url="images/IBXJ3509_o_preview_3.jpg" tilescale="1.006579" tile3url="images/IBXJ3509_o_3.jpg" tile1url="images/IBXJ3509_o_1.jpg" prev1url="images/IBXJ3509_o_preview_1.jpg" tilevrurl="images/IBXJ3509_ovr.jpg" levelingpitch="0" tile0url="images/IBXJ3509_o_0.jpg" prev4url="images/IBXJ3509_o_preview_4.jpg" prev5url="images/IBXJ3509_o_preview_5.jpg" tilesize="1520" prev2url="images/IBXJ3509_o_preview_2.jpg" tile4url="images/IBXJ3509_o_4.jpg" prev0url="images/IBXJ3509_o_preview_0.jpg">
      <preview color="0x808080"/>
    </input>
    <view pannorth="24.69" fovmode="0">
      <start pan="0" fov="100" projection="4" tilt="0"/>
      <flyin pan="0" fov="170" projection="9" tilt="-90"/>
      <min pan="0" fovpixel="2" tilt="-90"/>
      <max pan="360" fov="120" fovfisheye="360" scaletofit="1" tilt="90" fovstereographic="270"/>
    </view>
    <userdata datetime="10/05/2021 09:25" longitude="" info="" comment="" author="Northpoint360" latitude="" tags="3. Panoramas" customnodeid="" title="Bathroom" copyright="" source="" heading="24.69" description="124 Copgrove Road, Leeds" nodeid="node10">
      <mapcoords x_floorplan_percent="61.2176" x="0.876846" y_floorplan_percent="37.9821" mapid="FloorPlan02" y="-0.75737"/>
    </userdata>
    <hotspots wordwrap="1" width="180" height="20">
      <label enabled="1" bordercolor="0x000000" wordwrap="1" backgroundalpha="1" width="180" borderalpha="1" height="20" backgroundcolor="0xffffff" textalpha="1" background="1" textcolor="0x000000" border="1" borderradius="1"/>
      <polystyle bordercolor="0x0000ff" handcursor="1" backgroundalpha="0.25098" borderalpha="1" mode="0" backgroundcolor="0x0000ff"/>
      <hotspot pan="182.283" id="Point01" skinid="ht_node" url="{node13}" target="$fwd" tilt="0" title="Landing" description=""/>
    </hotspots>
    <media/>
    <transition enabled="1" zoomfov="50" zoomin="0" blendtime="0.5" type="crossdissolve" zoomafterinfov="120" blendcolor="0x000000" zoomout="2" zoomspeed="5" softedge="0" zoomoutpause="0" zoomafteroutfov="50"/>
    <animation animsequence="Animation01" syncanimationwithvideo="0" useinautorotation="0"/>
    <control rubberband="0" lockedkeyboardzoom="0" sensitivity="12" lockedmouse="0" dblclickfullscreen="0" contextfullscreen="1" lockedwheel="0" simulatemass="1" invertcontrol="1" lockedkeyboard="0" invertwheel="1" contextprojections="1" speedwheel="1" hideabout="1">
      <menulink url="https://www.northpoint360.co.uk" text="Produced by Northpoint360"/>
    </control>
  </panorama>
  <panorama id="node11" hideabout="1">
    <input tile2url="images/IMEG2731_o_2.jpg" tile5url="images/IMEG2731_o_5.jpg" levelingroll="0" prev3url="images/IMEG2731_o_preview_3.jpg" tilescale="1.006579" tile3url="images/IMEG2731_o_3.jpg" tile1url="images/IMEG2731_o_1.jpg" prev1url="images/IMEG2731_o_preview_1.jpg" tilevrurl="images/IMEG2731_ovr.jpg" levelingpitch="0" tile0url="images/IMEG2731_o_0.jpg" prev4url="images/IMEG2731_o_preview_4.jpg" prev5url="images/IMEG2731_o_preview_5.jpg" tilesize="1520" prev2url="images/IMEG2731_o_preview_2.jpg" tile4url="images/IMEG2731_o_4.jpg" prev0url="images/IMEG2731_o_preview_0.jpg">
      <preview color="0x808080"/>
    </input>
    <view pannorth="-177.37" fovmode="0">
      <start pan="0" fov="100" projection="4" tilt="0"/>
      <flyin pan="0" fov="170" projection="9" tilt="-90"/>
      <min pan="0" fovpixel="2" tilt="-90"/>
      <max pan="360" fov="120" fovfisheye="360" scaletofit="1" tilt="90" fovstereographic="270"/>
    </view>
    <userdata datetime="10/05/2021 09:12" longitude="" info="" comment="" author="Northpoint360" latitude="" tags="3. Panoramas" customnodeid="" title="Lounge" copyright="" source="" heading="-177.37" description="124 Copgrove Road, Leeds" nodeid="node11">
      <mapcoords x_floorplan_percent="41.4669" x="0.593948" y_floorplan_percent="48.7259" mapid="FloorPlan01" y="-0.971603"/>
    </userdata>
    <hotspots wordwrap="1" width="180" height="20">
      <label enabled="1" bordercolor="0x000000" wordwrap="1" backgroundalpha="1" width="180" borderalpha="1" height="20" backgroundcolor="0xffffff" textalpha="1" background="1" textcolor="0x000000" border="1" borderradius="1"/>
      <polystyle bordercolor="0x0000ff" handcursor="1" backgroundalpha="0.25098" borderalpha="1" mode="0" backgroundcolor="0x0000ff"/>
      <hotspot pan="-353.836" id="Point01" skinid="ht_node" url="{node14}" target="$fwd" tilt="0" title="Lounge" description=""/>
      <hotspot pan="-181.676" id="Point02" skinid="ht_node" url="{node21}" target="$fwd" tilt="0" title="Dining" description=""/>
    </hotspots>
    <media/>
    <transition enabled="1" zoomfov="50" zoomin="0" blendtime="0.5" type="crossdissolve" zoomafterinfov="120" blendcolor="0x000000" zoomout="2" zoomspeed="5" softedge="0" zoomoutpause="0" zoomafteroutfov="50"/>
    <animation animsequence="Animation01" syncanimationwithvideo="0" useinautorotation="0"/>
    <control rubberband="0" lockedkeyboardzoom="0" sensitivity="12" lockedmouse="0" dblclickfullscreen="0" contextfullscreen="1" lockedwheel="0" simulatemass="1" invertcontrol="1" lockedkeyboard="0" invertwheel="1" contextprojections="1" speedwheel="1" hideabout="1">
      <menulink url="https://www.northpoint360.co.uk" text="Produced by Northpoint360"/>
    </control>
  </panorama>
  <panorama id="node12" hideabout="1">
    <input tile2url="images/IWQT1136_o_2.jpg" tile5url="images/IWQT1136_o_5.jpg" levelingroll="0" prev3url="images/IWQT1136_o_preview_3.jpg" tilescale="1.006579" tile3url="images/IWQT1136_o_3.jpg" tile1url="images/IWQT1136_o_1.jpg" prev1url="images/IWQT1136_o_preview_1.jpg" tilevrurl="images/IWQT1136_ovr.jpg" levelingpitch="0" tile0url="images/IWQT1136_o_0.jpg" prev4url="images/IWQT1136_o_preview_4.jpg" prev5url="images/IWQT1136_o_preview_5.jpg" tilesize="1520" prev2url="images/IWQT1136_o_preview_2.jpg" tile4url="images/IWQT1136_o_4.jpg" prev0url="images/IWQT1136_o_preview_0.jpg">
      <preview color="0x808080"/>
    </input>
    <view pannorth="-178.44" fovmode="0">
      <start pan="0" fov="100" projection="4" tilt="0"/>
      <flyin pan="0" fov="170" projection="9" tilt="-90"/>
      <min pan="0" fovpixel="2" tilt="-90"/>
      <max pan="360" fov="120" fovfisheye="360" scaletofit="1" tilt="90" fovstereographic="270"/>
    </view>
    <userdata datetime="10/05/2021 09:13" longitude="" info="" comment="" author="Northpoint360" latitude="" tags="3. Panoramas" customnodeid="" title="Kitchen" copyright="" source="" heading="-178.44" description="124 Copgrove Road, Leeds" nodeid="node12">
      <mapcoords x_floorplan_percent="58.9166" x="0.843887" y_floorplan_percent="38.1543" mapid="FloorPlan01" y="-0.760803"/>
    </userdata>
    <hotspots wordwrap="1" width="180" height="20">
      <label enabled="1" bordercolor="0x000000" wordwrap="1" backgroundalpha="1" width="180" borderalpha="1" height="20" backgroundcolor="0xffffff" textalpha="1" background="1" textcolor="0x000000" border="1" borderradius="1"/>
      <polystyle bordercolor="0x0000ff" handcursor="1" backgroundalpha="0.25098" borderalpha="1" mode="0" backgroundcolor="0x0000ff"/>
      <hotspot pan="-82.6577" id="Point01" skinid="ht_node" url="{node21}" target="$fwd" tilt="-0.29" title="Dining" description=""/>
    </hotspots>
    <media/>
    <transition enabled="1" zoomfov="50" zoomin="0" blendtime="0.5" type="crossdissolve" zoomafterinfov="120" blendcolor="0x000000" zoomout="2" zoomspeed="5" softedge="0" zoomoutpause="0" zoomafteroutfov="50"/>
    <animation animsequence="Animation01" syncanimationwithvideo="0" useinautorotation="0"/>
    <control rubberband="0" lockedkeyboardzoom="0" sensitivity="12" lockedmouse="0" dblclickfullscreen="0" contextfullscreen="1" lockedwheel="0" simulatemass="1" invertcontrol="1" lockedkeyboard="0" invertwheel="1" contextprojections="1" speedwheel="1" hideabout="1">
      <menulink url="https://www.northpoint360.co.uk" text="Produced by Northpoint360"/>
    </control>
  </panorama>
  <panorama id="node13" hideabout="1">
    <input tile2url="images/JFYV3588_o_2.jpg" tile5url="images/JFYV3588_o_5.jpg" levelingroll="0" prev3url="images/JFYV3588_o_preview_3.jpg" tilescale="1.006579" tile3url="images/JFYV3588_o_3.jpg" tile1url="images/JFYV3588_o_1.jpg" prev1url="images/JFYV3588_o_preview_1.jpg" tilevrurl="images/JFYV3588_ovr.jpg" levelingpitch="0" tile0url="images/JFYV3588_o_0.jpg" prev4url="images/JFYV3588_o_preview_4.jpg" prev5url="images/JFYV3588_o_preview_5.jpg" tilesize="1520" prev2url="images/JFYV3588_o_preview_2.jpg" tile4url="images/JFYV3588_o_4.jpg" prev0url="images/JFYV3588_o_preview_0.jpg">
      <preview color="0x808080"/>
    </input>
    <view pannorth="-167.68" fovmode="0">
      <start pan="0" fov="100" projection="4" tilt="0"/>
      <flyin pan="0" fov="170" projection="9" tilt="-90"/>
      <min pan="0" fovpixel="2" tilt="-90"/>
      <max pan="360" fov="120" fovfisheye="360" scaletofit="1" tilt="90" fovstereographic="270"/>
    </view>
    <userdata datetime="10/05/2021 09:22" longitude="" info="" comment="" author="Northpoint360" latitude="" tags="3. Panoramas" customnodeid="" title="Landing" copyright="" source="" heading="-167.68" description="124 Copgrove Road, Leeds" nodeid="node13">
      <mapcoords x_floorplan_percent="57.047" x="0.817108" y_floorplan_percent="45.2479" mapid="FloorPlan02" y="-0.902252"/>
    </userdata>
    <hotspots wordwrap="1" width="180" height="20">
      <label enabled="1" bordercolor="0x000000" wordwrap="1" backgroundalpha="1" width="180" borderalpha="1" height="20" backgroundcolor="0xffffff" textalpha="1" background="1" textcolor="0x000000" border="1" borderradius="1"/>
      <polystyle bordercolor="0x0000ff" handcursor="1" backgroundalpha="0.25098" borderalpha="1" mode="0" backgroundcolor="0x0000ff"/>
      <hotspot pan="-190.087" id="Point01" skinid="ht_node" url="{node10}" target="$fwd" tilt="0" title="Bathroom" description=""/>
      <hotspot pan="-80.9045" id="Point02" skinid="ht_node" url="{node17}" target="$fwd" tilt="0" title="Hall" description=""/>
      <hotspot pan="-346.745" id="Point03" skinid="ht_node" url="{node6}" target="$fwd" tilt="0.38" title="Landing" description=""/>
      <hotspot pan="-260.725" id="Point04" skinid="ht_node" url="{node1}" target="$fwd" tilt="0" title="Stairs" description=""/>
    </hotspots>
    <media/>
    <transition enabled="1" zoomfov="50" zoomin="0" blendtime="0.5" type="crossdissolve" zoomafterinfov="120" blendcolor="0x000000" zoomout="2" zoomspeed="5" softedge="0" zoomoutpause="0" zoomafteroutfov="50"/>
    <animation animsequence="Animation01" syncanimationwithvideo="0" useinautorotation="0"/>
    <control rubberband="0" lockedkeyboardzoom="0" sensitivity="12" lockedmouse="0" dblclickfullscreen="0" contextfullscreen="1" lockedwheel="0" simulatemass="1" invertcontrol="1" lockedkeyboard="0" invertwheel="1" contextprojections="1" speedwheel="1" hideabout="1">
      <menulink url="https://www.northpoint360.co.uk" text="Produced by Northpoint360"/>
    </control>
  </panorama>
  <panorama id="node14" hideabout="1">
    <input tile2url="images/LMUY5894_o_2.jpg" tile5url="images/LMUY5894_o_5.jpg" levelingroll="0" prev3url="images/LMUY5894_o_preview_3.jpg" tilescale="1.006579" tile3url="images/LMUY5894_o_3.jpg" tile1url="images/LMUY5894_o_1.jpg" prev1url="images/LMUY5894_o_preview_1.jpg" tilevrurl="images/LMUY5894_ovr.jpg" levelingpitch="0" tile0url="images/LMUY5894_o_0.jpg" prev4url="images/LMUY5894_o_preview_4.jpg" prev5url="images/LMUY5894_o_preview_5.jpg" tilesize="1520" prev2url="images/LMUY5894_o_preview_2.jpg" tile4url="images/LMUY5894_o_4.jpg" prev0url="images/LMUY5894_o_preview_0.jpg">
      <preview color="0x808080"/>
    </input>
    <view pannorth="174.46" fovmode="0">
      <start pan="0" fov="100" projection="4" tilt="0"/>
      <flyin pan="0" fov="170" projection="9" tilt="-90"/>
      <min pan="0" fovpixel="2" tilt="-90"/>
      <max pan="360" fov="120" fovfisheye="360" scaletofit="1" tilt="90" fovstereographic="270"/>
    </view>
    <userdata datetime="10/05/2021 09:12" longitude="" info="" comment="" author="Northpoint360" latitude="" tags="3. Panoramas" customnodeid="" title="Lounge" copyright="" source="" heading="174.46" description="124 Copgrove Road, Leeds" nodeid="node14">
      <mapcoords x_floorplan_percent="42.4736" x="0.608368" y_floorplan_percent="60.4339" mapid="FloorPlan01" y="-1.20506"/>
    </userdata>
    <hotspots wordwrap="1" width="180" height="20">
      <label enabled="1" bordercolor="0x000000" wordwrap="1" backgroundalpha="1" width="180" borderalpha="1" height="20" backgroundcolor="0xffffff" textalpha="1" background="1" textcolor="0x000000" border="1" borderradius="1"/>
      <polystyle bordercolor="0x0000ff" handcursor="1" backgroundalpha="0.25098" borderalpha="1" mode="0" backgroundcolor="0x0000ff"/>
      <hotspot pan="77.9354" id="Point01" skinid="ht_node" url="{node7}" target="$fwd" tilt="0.08" title="Hall" description=""/>
      <hotspot pan="172.114" id="Point02" skinid="ht_node" url="{node11}" target="$fwd" tilt="-0.2" title="Lounge" description=""/>
    </hotspots>
    <media/>
    <transition enabled="1" zoomfov="50" zoomin="0" blendtime="0.5" type="crossdissolve" zoomafterinfov="120" blendcolor="0x000000" zoomout="2" zoomspeed="5" softedge="0" zoomoutpause="0" zoomafteroutfov="50"/>
    <animation animsequence="Animation01" syncanimationwithvideo="0" useinautorotation="0"/>
    <control rubberband="0" lockedkeyboardzoom="0" sensitivity="12" lockedmouse="0" dblclickfullscreen="0" contextfullscreen="1" lockedwheel="0" simulatemass="1" invertcontrol="1" lockedkeyboard="0" invertwheel="1" contextprojections="1" speedwheel="1" hideabout="1">
      <menulink url="https://www.northpoint360.co.uk" text="Produced by Northpoint360"/>
    </control>
  </panorama>
  <panorama id="node15" hideabout="1">
    <input tile2url="images/MZGH4807_o_2.jpg" tile5url="images/MZGH4807_o_5.jpg" levelingroll="0" prev3url="images/MZGH4807_o_preview_3.jpg" tilescale="1.006579" tile3url="images/MZGH4807_o_3.jpg" tile1url="images/MZGH4807_o_1.jpg" prev1url="images/MZGH4807_o_preview_1.jpg" tilevrurl="images/MZGH4807_ovr.jpg" levelingpitch="0" tile0url="images/MZGH4807_o_0.jpg" prev4url="images/MZGH4807_o_preview_4.jpg" prev5url="images/MZGH4807_o_preview_5.jpg" tilesize="1520" prev2url="images/MZGH4807_o_preview_2.jpg" tile4url="images/MZGH4807_o_4.jpg" prev0url="images/MZGH4807_o_preview_0.jpg">
      <preview color="0x808080"/>
    </input>
    <view pannorth="-17.21" fovmode="0">
      <start pan="-41.6267" fov="100" projection="4" tilt="-1.18841"/>
      <flyin pan="0" fov="170" projection="9" tilt="-90"/>
      <min pan="0" fovpixel="2" tilt="-90"/>
      <max pan="360" fov="120" fovfisheye="360" scaletofit="1" tilt="90" fovstereographic="270"/>
    </view>
    <userdata datetime="10/05/2021 09:18" longitude="" info="" comment="" author="Northpoint360" latitude="" tags="3. Panoramas" customnodeid="" title="Garden" copyright="" source="" heading="-17.21" description="124 Copgrove Road, Leeds" nodeid="node15">
      <mapcoords x_floorplan_percent="62.1764" x="0.890579" y_floorplan_percent="73.7603" mapid="FloorPlan01" y="-1.47079"/>
    </userdata>
    <hotspots wordwrap="1" width="180" height="20">
      <label enabled="1" bordercolor="0x000000" wordwrap="1" backgroundalpha="1" width="180" borderalpha="1" height="20" backgroundcolor="0xffffff" textalpha="1" background="1" textcolor="0x000000" border="1" borderradius="1"/>
      <polystyle bordercolor="0x0000ff" handcursor="1" backgroundalpha="0.25098" borderalpha="1" mode="0" backgroundcolor="0x0000ff"/>
      <hotspot pan="123.621" id="Point01" skinid="ht_node" url="{node3}" target="$fwd" tilt="0.05" title="Garden" description=""/>
      <hotspot pan="-21.701" id="Point02" skinid="ht_node" url="{node9}" target="$fwd" tilt="-0.63" title="Porch" description=""/>
      <hotspot pan="-86.5" id="Point03" skinid="ht_node" url="{node8}" target="" tilt="1.83" title="Garden" description=""/>
    </hotspots>
    <media/>
    <transition enabled="1" zoomfov="50" zoomin="0" blendtime="0.5" type="crossdissolve" zoomafterinfov="120" blendcolor="0x000000" zoomout="2" zoomspeed="5" softedge="0" zoomoutpause="0" zoomafteroutfov="50"/>
    <animation animsequence="Animation01" syncanimationwithvideo="0" useinautorotation="0"/>
    <control rubberband="0" lockedkeyboardzoom="0" sensitivity="12" lockedmouse="0" dblclickfullscreen="0" contextfullscreen="1" lockedwheel="0" simulatemass="1" invertcontrol="1" lockedkeyboard="0" invertwheel="1" contextprojections="1" speedwheel="1" hideabout="1">
      <menulink url="https://www.northpoint360.co.uk" text="Produced by Northpoint360"/>
    </control>
  </panorama>
  <panorama id="node16" hideabout="1">
    <input tile2url="images/OKPC2989_o_2.jpg" tile5url="images/OKPC2989_o_5.jpg" levelingroll="0" prev3url="images/OKPC2989_o_preview_3.jpg" tilescale="1.006579" tile3url="images/OKPC2989_o_3.jpg" tile1url="images/OKPC2989_o_1.jpg" prev1url="images/OKPC2989_o_preview_1.jpg" tilevrurl="images/OKPC2989_ovr.jpg" levelingpitch="0" tile0url="images/OKPC2989_o_0.jpg" prev4url="images/OKPC2989_o_preview_4.jpg" prev5url="images/OKPC2989_o_preview_5.jpg" tilesize="1520" prev2url="images/OKPC2989_o_preview_2.jpg" tile4url="images/OKPC2989_o_4.jpg" prev0url="images/OKPC2989_o_preview_0.jpg">
      <preview color="0x808080"/>
    </input>
    <view pannorth="37.58" fovmode="0">
      <start pan="0" fov="100" projection="4" tilt="0"/>
      <flyin pan="0" fov="170" projection="9" tilt="-90"/>
      <min pan="0" fovpixel="2" tilt="-90"/>
      <max pan="360" fov="120" fovfisheye="360" scaletofit="1" tilt="90" fovstereographic="270"/>
    </view>
    <userdata datetime="10/05/2021 09:25" longitude="" info="" comment="" author="Northpoint360" latitude="" tags="3. Panoramas" customnodeid="" title="Landing" copyright="" source="" heading="37.58" description="124 Copgrove Road, Leeds" nodeid="node16">
      <mapcoords x_floorplan_percent="60.9475" x="0.653687" y_floorplan_percent="42.7529" mapid="FloorPlan03" y="-0.603561"/>
    </userdata>
    <hotspots wordwrap="1" width="180" height="20">
      <label enabled="1" bordercolor="0x000000" wordwrap="1" backgroundalpha="1" width="180" borderalpha="1" height="20" backgroundcolor="0xffffff" textalpha="1" background="1" textcolor="0x000000" border="1" borderradius="1"/>
      <polystyle bordercolor="0x0000ff" handcursor="1" backgroundalpha="0.25098" borderalpha="1" mode="0" backgroundcolor="0x0000ff"/>
      <hotspot pan="164.884" id="Point01" skinid="ht_node" url="{node5}" target="$fwd" tilt="0" title="Bedroom" description=""/>
      <hotspot pan="-359.92" id="Point02" skinid="ht_node" url="{node17}" target="" tilt="1.59" title="Hall" description=""/>
    </hotspots>
    <media/>
    <transition enabled="1" zoomfov="50" zoomin="0" blendtime="0.5" type="crossdissolve" zoomafterinfov="120" blendcolor="0x000000" zoomout="2" zoomspeed="5" softedge="0" zoomoutpause="0" zoomafteroutfov="50"/>
    <animation animsequence="Animation01" syncanimationwithvideo="0" useinautorotation="0"/>
    <control rubberband="0" lockedkeyboardzoom="0" sensitivity="12" lockedmouse="0" dblclickfullscreen="0" contextfullscreen="1" lockedwheel="0" simulatemass="1" invertcontrol="1" lockedkeyboard="0" invertwheel="1" contextprojections="1" speedwheel="1" hideabout="1">
      <menulink url="https://www.northpoint360.co.uk" text="Produced by Northpoint360"/>
    </control>
  </panorama>
  <panorama id="node17" hideabout="1">
    <input tile2url="images/PQYY3251_o_2.jpg" tile5url="images/PQYY3251_o_5.jpg" levelingroll="0" prev3url="images/PQYY3251_o_preview_3.jpg" tilescale="1.006579" tile3url="images/PQYY3251_o_3.jpg" tile1url="images/PQYY3251_o_1.jpg" prev1url="images/PQYY3251_o_preview_1.jpg" tilevrurl="images/PQYY3251_ovr.jpg" levelingpitch="0" tile0url="images/PQYY3251_o_0.jpg" prev4url="images/PQYY3251_o_preview_4.jpg" prev5url="images/PQYY3251_o_preview_5.jpg" tilesize="1520" prev2url="images/PQYY3251_o_preview_2.jpg" tile4url="images/PQYY3251_o_4.jpg" prev0url="images/PQYY3251_o_preview_0.jpg">
      <preview color="0x808080"/>
    </input>
    <view pannorth="-174.13" fovmode="0">
      <start pan="0" fov="100" projection="4" tilt="0"/>
      <flyin pan="0" fov="170" projection="9" tilt="-90"/>
      <min pan="0" fovpixel="2" tilt="-90"/>
      <max pan="360" fov="120" fovfisheye="360" scaletofit="1" tilt="90" fovstereographic="270"/>
    </view>
    <userdata datetime="10/05/2021 09:23" longitude="" info="" comment="" author="Northpoint360" latitude="" tags="3. Panoramas" customnodeid="" title="Hall" copyright="" source="" heading="-174.13" description="124 Copgrove Road, Leeds" nodeid="node17">
      <mapcoords x_floorplan_percent="50.2397" x="0.719604" y_floorplan_percent="44.9725" mapid="FloorPlan02" y="-0.896759"/>
    </userdata>
    <hotspots wordwrap="1" width="180" height="20">
      <label enabled="1" bordercolor="0x000000" wordwrap="1" backgroundalpha="1" width="180" borderalpha="1" height="20" backgroundcolor="0xffffff" textalpha="1" background="1" textcolor="0x000000" border="1" borderradius="1"/>
      <polystyle bordercolor="0x0000ff" handcursor="1" backgroundalpha="0.25098" borderalpha="1" mode="0" backgroundcolor="0x0000ff"/>
      <hotspot pan="-269.845" id="Point01" skinid="ht_node" url="{node13}" target="$fwd" tilt="0.17" title="Landing" description=""/>
      <hotspot pan="-88.7557" id="Point02" skinid="ht_node" url="{node18}" target="$fwd" tilt="0.38" title="Bedroom" description=""/>
      <hotspot pan="-174.9" id="Point03" skinid="ht_node" url="{node16}" target="" tilt="1.09" title="Landing" description=""/>
    </hotspots>
    <media/>
    <transition enabled="1" zoomfov="50" zoomin="0" blendtime="0.5" type="crossdissolve" zoomafterinfov="120" blendcolor="0x000000" zoomout="2" zoomspeed="5" softedge="0" zoomoutpause="0" zoomafteroutfov="50"/>
    <animation animsequence="Animation01" syncanimationwithvideo="0" useinautorotation="0"/>
    <control rubberband="0" lockedkeyboardzoom="0" sensitivity="12" lockedmouse="0" dblclickfullscreen="0" contextfullscreen="1" lockedwheel="0" simulatemass="1" invertcontrol="1" lockedkeyboard="0" invertwheel="1" contextprojections="1" speedwheel="1" hideabout="1">
      <menulink url="https://www.northpoint360.co.uk" text="Produced by Northpoint360"/>
    </control>
  </panorama>
  <panorama id="node18" hideabout="1">
    <input tile2url="images/QOXC6402_o_2.jpg" tile5url="images/QOXC6402_o_5.jpg" levelingroll="0" prev3url="images/QOXC6402_o_preview_3.jpg" tilescale="1.006579" tile3url="images/QOXC6402_o_3.jpg" tile1url="images/QOXC6402_o_1.jpg" prev1url="images/QOXC6402_o_preview_1.jpg" tilevrurl="images/QOXC6402_ovr.jpg" levelingpitch="0" tile0url="images/QOXC6402_o_0.jpg" prev4url="images/QOXC6402_o_preview_4.jpg" prev5url="images/QOXC6402_o_preview_5.jpg" tilesize="1520" prev2url="images/QOXC6402_o_preview_2.jpg" tile4url="images/QOXC6402_o_4.jpg" prev0url="images/QOXC6402_o_preview_0.jpg">
      <preview color="0x808080"/>
    </input>
    <view pannorth="-115.72" fovmode="0">
      <start pan="0" fov="100" projection="4" tilt="0"/>
      <flyin pan="0" fov="170" projection="9" tilt="-90"/>
      <min pan="0" fovpixel="2" tilt="-90"/>
      <max pan="360" fov="120" fovfisheye="360" scaletofit="1" tilt="90" fovstereographic="270"/>
    </view>
    <userdata datetime="10/05/2021 09:24" longitude="" info="" comment="" author="Northpoint360" latitude="" tags="3. Panoramas" customnodeid="" title="Bedroom" copyright="" source="" heading="-115.72" description="124 Copgrove Road, Leeds" nodeid="node18">
      <mapcoords x_floorplan_percent="39.4535" x="0.565109" y_floorplan_percent="39.7039" mapid="FloorPlan02" y="-0.791702"/>
    </userdata>
    <hotspots wordwrap="1" width="180" height="20">
      <label enabled="1" bordercolor="0x000000" wordwrap="1" backgroundalpha="1" width="180" borderalpha="1" height="20" backgroundcolor="0xffffff" textalpha="1" background="1" textcolor="0x000000" border="1" borderradius="1"/>
      <polystyle bordercolor="0x0000ff" handcursor="1" backgroundalpha="0.25098" borderalpha="1" mode="0" backgroundcolor="0x0000ff"/>
      <hotspot pan="-223.646" id="Point01" skinid="ht_node" url="{node17}" target="$fwd" tilt="0.72" title="Hall" description=""/>
    </hotspots>
    <media/>
    <transition enabled="1" zoomfov="50" zoomin="0" blendtime="0.5" type="crossdissolve" zoomafterinfov="120" blendcolor="0x000000" zoomout="2" zoomspeed="5" softedge="0" zoomoutpause="0" zoomafteroutfov="50"/>
    <animation animsequence="Animation01" syncanimationwithvideo="0" useinautorotation="0"/>
    <control rubberband="0" lockedkeyboardzoom="0" sensitivity="12" lockedmouse="0" dblclickfullscreen="0" contextfullscreen="1" lockedwheel="0" simulatemass="1" invertcontrol="1" lockedkeyboard="0" invertwheel="1" contextprojections="1" speedwheel="1" hideabout="1">
      <menulink url="https://www.northpoint360.co.uk" text="Produced by Northpoint360"/>
    </control>
  </panorama>
  <panorama id="node19" hideabout="1">
    <input tile2url="images/QTRK0551_o_2.jpg" tile5url="images/QTRK0551_o_5.jpg" levelingroll="0" prev3url="images/QTRK0551_o_preview_3.jpg" tilescale="1.006579" tile3url="images/QTRK0551_o_3.jpg" tile1url="images/QTRK0551_o_1.jpg" prev1url="images/QTRK0551_o_preview_1.jpg" tilevrurl="images/QTRK0551_ovr.jpg" levelingpitch="0" tile0url="images/QTRK0551_o_0.jpg" prev4url="images/QTRK0551_o_preview_4.jpg" prev5url="images/QTRK0551_o_preview_5.jpg" tilesize="1520" prev2url="images/QTRK0551_o_preview_2.jpg" tile4url="images/QTRK0551_o_4.jpg" prev0url="images/QTRK0551_o_preview_0.jpg">
      <preview color="0x808080"/>
    </input>
    <view pannorth="96.1067" fovmode="0">
      <start pan="0" fov="100" projection="4" tilt="0"/>
      <flyin pan="0" fov="170" projection="9" tilt="-90"/>
      <min pan="0" fovpixel="2" tilt="-90"/>
      <max pan="360" fov="120" fovfisheye="360" scaletofit="1" tilt="90" fovstereographic="270"/>
    </view>
    <userdata datetime="10/05/2021 09:16" longitude="" info="" comment="" author="Northpoint360" latitude="" tags="3. Panoramas" customnodeid="" title="Garden" copyright="" source="" heading="96.1067" description="124 Copgrove Road, Leeds" nodeid="node19"/>
    <hotspots wordwrap="1" width="180" height="20">
      <label enabled="1" bordercolor="0x000000" wordwrap="1" backgroundalpha="1" width="180" borderalpha="1" height="20" backgroundcolor="0xffffff" textalpha="1" background="1" textcolor="0x000000" border="1" borderradius="1"/>
      <polystyle bordercolor="0x0000ff" handcursor="1" backgroundalpha="0.25098" borderalpha="1" mode="0" backgroundcolor="0x0000ff"/>
      <hotspot pan="-69.61" id="Point01" skinid="ht_node" url="{node2}" target="" tilt="2.63" title="Garden" description=""/>
    </hotspots>
    <media/>
    <transition enabled="1" zoomfov="50" zoomin="0" blendtime="0.5" type="crossdissolve" zoomafterinfov="120" blendcolor="0x000000" zoomout="2" zoomspeed="5" softedge="0" zoomoutpause="0" zoomafteroutfov="50"/>
    <animation animsequence="Animation01" syncanimationwithvideo="0" useinautorotation="0"/>
    <control rubberband="0" lockedkeyboardzoom="0" sensitivity="12" lockedmouse="0" dblclickfullscreen="0" contextfullscreen="1" lockedwheel="0" simulatemass="1" invertcontrol="1" lockedkeyboard="0" invertwheel="1" contextprojections="1" speedwheel="1" hideabout="1">
      <menulink url="https://www.northpoint360.co.uk" text="Produced by Northpoint360"/>
    </control>
  </panorama>
  <panorama id="node20" hideabout="1">
    <input tile2url="images/UZPH9408_o_2.jpg" tile5url="images/UZPH9408_o_5.jpg" levelingroll="0" prev3url="images/UZPH9408_o_preview_3.jpg" tilescale="1.006579" tile3url="images/UZPH9408_o_3.jpg" tile1url="images/UZPH9408_o_1.jpg" prev1url="images/UZPH9408_o_preview_1.jpg" tilevrurl="images/UZPH9408_ovr.jpg" levelingpitch="0" tile0url="images/UZPH9408_o_0.jpg" prev4url="images/UZPH9408_o_preview_4.jpg" prev5url="images/UZPH9408_o_preview_5.jpg" tilesize="1520" prev2url="images/UZPH9408_o_preview_2.jpg" tile4url="images/UZPH9408_o_4.jpg" prev0url="images/UZPH9408_o_preview_0.jpg">
      <preview color="0x808080"/>
    </input>
    <view pannorth="37.34" fovmode="0">
      <start pan="0" fov="100" projection="4" tilt="0"/>
      <flyin pan="0" fov="170" projection="9" tilt="-90"/>
      <min pan="0" fovpixel="2" tilt="-90"/>
      <max pan="360" fov="120" fovfisheye="360" scaletofit="1" tilt="90" fovstereographic="270"/>
    </view>
    <userdata datetime="10/05/2021 09:24" longitude="" info="" comment="" author="Northpoint360" latitude="" tags="3. Panoramas" customnodeid="" title="Bedroom" copyright="" source="" heading="37.34" description="124 Copgrove Road, Leeds" nodeid="node20">
      <mapcoords x_floorplan_percent="43.4803" x="0.622787" y_floorplan_percent="56.7837" mapid="FloorPlan02" y="-1.13228"/>
    </userdata>
    <hotspots wordwrap="1" width="180" height="20">
      <label enabled="1" bordercolor="0x000000" wordwrap="1" backgroundalpha="1" width="180" borderalpha="1" height="20" backgroundcolor="0xffffff" textalpha="1" background="1" textcolor="0x000000" border="1" borderradius="1"/>
      <polystyle bordercolor="0x0000ff" handcursor="1" backgroundalpha="0.25098" borderalpha="1" mode="0" backgroundcolor="0x0000ff"/>
      <hotspot pan="-23.5257" id="Point01" skinid="ht_node" url="{node6}" target="$fwd" tilt="0" title="Landing" description=""/>
    </hotspots>
    <media/>
    <transition enabled="1" zoomfov="50" zoomin="0" blendtime="0.5" type="crossdissolve" zoomafterinfov="120" blendcolor="0x000000" zoomout="2" zoomspeed="5" softedge="0" zoomoutpause="0" zoomafteroutfov="50"/>
    <animation animsequence="Animation01" syncanimationwithvideo="0" useinautorotation="0"/>
    <control rubberband="0" lockedkeyboardzoom="0" sensitivity="12" lockedmouse="0" dblclickfullscreen="0" contextfullscreen="1" lockedwheel="0" simulatemass="1" invertcontrol="1" lockedkeyboard="0" invertwheel="1" contextprojections="1" speedwheel="1" hideabout="1">
      <menulink url="https://www.northpoint360.co.uk" text="Produced by Northpoint360"/>
    </control>
  </panorama>
  <panorama id="node21" hideabout="1">
    <input tile2url="images/WIBQ9615_o_2.jpg" tile5url="images/WIBQ9615_o_5.jpg" levelingroll="0" prev3url="images/WIBQ9615_o_preview_3.jpg" tilescale="1.006579" tile3url="images/WIBQ9615_o_3.jpg" tile1url="images/WIBQ9615_o_1.jpg" prev1url="images/WIBQ9615_o_preview_1.jpg" tilevrurl="images/WIBQ9615_ovr.jpg" levelingpitch="0" tile0url="images/WIBQ9615_o_0.jpg" prev4url="images/WIBQ9615_o_preview_4.jpg" prev5url="images/WIBQ9615_o_preview_5.jpg" tilesize="1520" prev2url="images/WIBQ9615_o_preview_2.jpg" tile4url="images/WIBQ9615_o_4.jpg" prev0url="images/WIBQ9615_o_preview_0.jpg">
      <preview color="0x808080"/>
    </input>
    <view pannorth="-122.69" fovmode="0">
      <start pan="20.7193" fov="100" projection="4" tilt="0.944081"/>
      <flyin pan="0" fov="170" projection="9" tilt="-90"/>
      <min pan="0" fovpixel="2" tilt="-90"/>
      <max pan="360" fov="120" fovfisheye="360" scaletofit="1" tilt="90" fovstereographic="270"/>
    </view>
    <userdata datetime="10/05/2021 09:13" longitude="" info="" comment="" author="Northpoint360" latitude="" tags="3. Panoramas" customnodeid="" title="Dining" copyright="" source="" heading="-122.69" description="124 Copgrove Road, Leeds" nodeid="node21">
      <mapcoords x_floorplan_percent="42.6654" x="0.611115" y_floorplan_percent="37.2934" mapid="FloorPlan01" y="-0.743637"/>
    </userdata>
    <hotspots wordwrap="1" width="180" height="20">
      <label enabled="1" bordercolor="0x000000" wordwrap="1" backgroundalpha="1" width="180" borderalpha="1" height="20" backgroundcolor="0xffffff" textalpha="1" background="1" textcolor="0x000000" border="1" borderradius="1"/>
      <polystyle bordercolor="0x0000ff" handcursor="1" backgroundalpha="0.25098" borderalpha="1" mode="0" backgroundcolor="0x0000ff"/>
      <hotspot pan="53.0037" id="Point01" skinid="ht_node" url="{node11}" target="$fwd" tilt="0" title="Lounge" description=""/>
      <hotspot pan="-216.908" id="Point02" skinid="ht_node" url="{node12}" target="$fwd" tilt="0" title="Kitchen" description=""/>
      <hotspot pan="-113.49" id="Point03" skinid="ht_node" url="{node2}" target="" tilt="1.27" title="Garden" description=""/>
    </hotspots>
    <media/>
    <transition enabled="1" zoomfov="50" zoomin="0" blendtime="0.5" type="crossdissolve" zoomafterinfov="120" blendcolor="0x000000" zoomout="2" zoomspeed="5" softedge="0" zoomoutpause="0" zoomafteroutfov="50"/>
    <animation animsequence="Animation01" syncanimationwithvideo="0" useinautorotation="0"/>
    <control rubberband="0" lockedkeyboardzoom="0" sensitivity="12" lockedmouse="0" dblclickfullscreen="0" contextfullscreen="1" lockedwheel="0" simulatemass="1" invertcontrol="1" lockedkeyboard="0" invertwheel="1" contextprojections="1" speedwheel="1" hideabout="1">
      <menulink url="https://www.northpoint360.co.uk" text="Produced by Northpoint360"/>
    </control>
  </panorama>
  <masternode>
    <userdata datetime="" longitude="" info="" comment="" author="Northpoint360" latitude="" tags="" customnodeid="" title="  Copgrove Road, Leeds | 360° Virtual Tour by Northpoint360" copyright="" source="" heading="0" description="124 Copgrove Road, Leeds" nodeid="master"/>
  </masternode>
  <map id="FloorPlan01" width="2086" type="file" zoomlevels="5" bgcolor="rgba(255, 255, 255, 0)" height="2904" transparent="1" floorplannorth="0" title="" tileformat="png"/>
  <map id="FloorPlan02" width="2086" type="file" zoomlevels="5" bgcolor="rgba(255, 255, 255, 0)" height="2904" transparent="1" floorplannorth="0" title="" tileformat="png"/>
  <map id="FloorPlan03" width="1562" type="file" zoomlevels="5" bgcolor="rgba(255, 255, 255, 0)" height="2056" transparent="1" floorplannorth="0" title="" tileformat="png"/>
</tour>
